int data0[] = {57,23,-4,12,36,45,-62,36,50,0,7,0,0,0,0,0,0,0,0,0,-26,-12,7,23,16,-7,11,3,8,-14,-8,12,-9,12,-16,5,-4,17,-3,-4,20,-13,2,-26,-18,-11,-20,8,-16,-10,8,1,0,2,15,10,10};

int data1[] = {57,23,-3,12,35,-3,-67,36,66,0,7,0,0,0,0,0,0,0,0,0,12,19,-11,18,1,10,-1,-10,28,-9,-12,-7,4,2,-13,-9,-4,-1,15,-13,13,1,-1,0,-9,-4,-18,1,18,15,4,7,7,-1,2,-2,10};

int data2[] = {57,23,-2,12,36,61,-65,37,50,0,7,0,0,0,0,0,0,0,0,0,-15,11,-13,-7,6,4,10,-9,-3,7,-12,-3,-8,6,0,2,-17,2,1,-9,1,-5,-3,11,4,7,18,9,10,1,14,-6,-16,2,12,-19,10};

int data3[] = {57,23,-1,12,36,61,-65,36,-94,0,7,0,0,0,0,0,0,0,0,0,-31,19,2,-10,-12,12,0,-20,0,-6,-9,-3,14,5,-13,14,7,8,3,12,19,-13,5,-1,8,-8,-17,15,-4,-20,-4,-5,21,-2,-19,1,10};

int data4[] = {57,23,0,12,35,-19,-62,36,-78,0,7,0,0,0,0,0,0,0,0,0,-7,-1,-4,4,5,20,-2,14,-2,-23,-2,-5,-2,-15,12,11,4,-9,-1,11,-10,-3,-3,10,9,-5,11,7,-1,-15,-2,5,-7,0,18,1,10};

int data5[] = {57,23,1,12,35,-51,-63,36,-14,0,7,0,0,0,0,0,0,0,0,0,-17,-12,11,6,-6,-3,-6,10,-2,13,-6,-5,23,-20,-3,0,-6,14,-19,26,13,-21,12,-1,-6,-18,-22,0,-3,2,-2,-1,-10,8,-5,1,10};

int data6[] = {57,23,2,12,35,-99,-62,36,-62,0,7,0,0,0,0,0,0,0,0,0,15,23,-2,7,-8,20,-4,-8,16,-1,-7,-8,-17,6,-17,-14,-5,-3,17,-8,10,17,0,5,-2,11,7,2,22,-6,3,1,-14,-8,1,10,10};

int data7[] = {57,23,3,12,35,-115,-60,37,2,0,7,0,0,0,0,0,0,0,0,0,-1,-5,6,5,-4,1,-11,24,-5,3,-3,-9,13,-14,6,-7,-3,-15,0,1,-10,8,-20,2,-7,-2,11,-21,6,-4,0,-2,0,17,8,10,10};

int data8[] = {57,23,4,12,35,-67,-59,37,2,0,7,0,0,0,0,0,0,0,0,0,-17,20,-1,-7,-6,8,5,-19,16,15,2,2,9,11,-10,-6,12,-18,-3,11,19,4,2,3,13,-13,-41,-13,-17,-12,-4,11,20,8,8,10,10};

int data9[] = {57,23,5,12,35,93,-58,36,-46,0,7,0,0,0,0,0,0,0,0,0,0,12,6,-11,6,-9,0,-8,4,16,-22,7,2,-6,6,-12,15,-12,1,14,-13,1,-8,9,5,-8,-7,4,12,0,16,14,16,-12,-16,-10,10};

int data10[] = {57,23,6,12,35,-115,-59,36,-62,0,7,0,0,0,0,0,0,0,0,0,-10,-25,-10,1,1,-2,-17,13,1,-1,-16,13,0,2,24,-1,13,-15,5,-8,-11,6,19,5,7,-1,18,4,-30,-2,-6,7,-27,-4,16,3,10};

int data11[] = {57,23,7,12,35,61,-60,37,114,0,7,0,0,0,0,0,0,0,0,0,12,2,16,11,-6,-18,-17,-1,11,10,5,0,7,-3,4,6,-14,3,6,-1,-15,-25,1,-2,-19,1,7,19,18,-16,9,-7,11,-22,-12,10,10};

int data12[] = {57,23,8,12,35,-19,-68,36,-14,0,7,0,0,0,0,0,0,0,0,0,-2,18,-8,-1,6,-7,-3,-25,2,-3,-11,22,1,7,-15,37,20,-16,19,-2,7,-20,-8,11,-10,-4,5,3,-7,-17,1,3,-1,0,12,-2,10};

int data13[] = {57,24,9,12,35,125,-64,37,82,0,7,0,0,0,0,0,0,0,0,0,-4,11,-4,1,-10,12,-18,-16,14,-15,7,-24,16,0,-8,17,21,12,-8,-10,-2,-13,-16,13,7,10,2,16,-18,-6,-10,1,7,-14,14,-2,10};

int data14[] = {57,24,10,12,35,77,-64,37,2,0,7,0,0,0,0,0,0,0,0,0,-6,2,-12,7,-6,2,-2,5,-5,-7,14,-4,18,-9,16,17,-9,0,2,14,-12,-5,2,-2,-2,-6,-12,-10,-18,4,-3,-5,7,-10,14,-2,10};

int data15[] = {57,24,11,12,35,-99,-61,36,-78,0,7,0,0,0,0,0,0,0,0,0,5,4,13,19,4,0,-9,5,-6,3,-29,5,11,-2,-15,-13,8,-17,0,-2,9,10,4,14,1,13,21,-12,-15,-4,-4,-3,1,-14,7,2,10};

int data16[] = {57,24,12,12,35,-35,-63,37,98,0,7,0,0,0,0,0,0,0,0,0,-2,-9,-11,-4,0,-1,0,12,-16,28,28,2,-11,-14,12,0,-18,-1,2,8,-3,19,9,0,-2,0,0,-16,2,-2,-11,-7,0,1,0,17,10};

int data17[] = {57,24,13,12,35,-19,-58,36,-14,0,7,0,0,0,0,0,0,0,0,0,4,-9,5,1,9,-8,-4,2,4,-6,-21,-1,-7,18,3,14,19,-19,18,-11,-15,1,-2,26,-1,6,-11,-12,-14,-14,-7,-7,4,11,8,19,10};

int data18[] = {57,24,14,12,35,-67,-65,36,114,0,7,0,0,0,0,0,0,0,0,0,5,-4,6,-6,21,-10,3,8,6,8,-28,11,-7,-4,-9,5,3,-1,-12,3,-11,-7,2,-15,0,-2,13,3,11,2,12,-7,4,-22,-3,3,10};

int data19[] = {57,24,15,12,36,13,-63,36,-62,0,7,0,0,0,0,0,0,0,0,0,7,-1,9,18,7,9,-14,7,3,-7,10,-1,1,-15,-13,0,-8,-12,15,13,-5,1,1,2,12,-3,8,-6,-15,5,-16,-10,9,-7,24,-18,10};

int data20[] = {57,24,16,12,35,-83,-66,36,-30,0,7,0,0,0,0,0,0,0,0,0,7,4,-11,-4,-7,2,-5,6,3,10,-2,29,0,5,0,4,4,-14,11,1,6,13,-22,-4,1,4,-7,-20,8,5,-2,5,1,-5,-11,1,10};

int data21[] = {57,24,17,12,35,-3,-78,35,-46,0,7,0,0,0,0,0,0,0,0,0,-17,11,9,13,3,-7,17,-11,1,-5,2,-1,9,12,7,-12,-1,12,-8,8,-10,-5,11,-2,8,-23,2,-4,-5,-20,15,13,-20,3,-4,1,10};

int data22[] = {57,24,18,12,35,93,-83,35,66,0,7,0,0,0,0,0,0,0,0,0,-9,1,24,3,-8,14,-2,-16,-6,-10,1,3,-8,12,-5,20,-8,-14,7,-26,1,-23,9,4,-2,21,-2,2,4,-9,-1,12,8,18,-13,8,10};

int data23[] = {57,24,19,12,34,-67,-85,36,34,0,7,0,0,0,0,0,0,0,0,0,-14,-12,0,5,-2,3,30,1,4,-6,20,-3,6,-2,8,6,-13,4,-20,7,-12,-11,-5,-15,-19,-15,10,3,18,12,-4,10,-14,-6,-11,-9,10};

int data24[] = {57,24,20,12,34,29,-80,36,-78,0,7,0,0,0,0,0,0,0,0,0,3,1,16,5,-2,27,0,8,2,7,-12,-28,14,3,5,-12,8,8,-10,-12,9,5,12,-6,3,-6,-17,5,-11,10,-4,-1,-7,2,3,-7,10};

int data25[] = {57,24,21,12,33,-51,-77,37,114,0,7,0,0,0,0,0,0,0,0,0,19,-2,0,3,-9,3,-15,2,8,8,10,-9,-10,-10,-13,-13,-2,5,-6,-1,13,14,0,33,16,-2,6,1,7,-7,-4,18,-20,8,4,-15,10};

int data26[] = {57,24,22,12,34,13,-79,37,-94,0,7,0,0,0,0,0,0,0,0,0,-7,2,-2,-31,-15,4,13,0,12,9,5,1,-4,-13,-5,-8,14,-11,-3,14,1,24,-20,11,7,16,16,-16,18,-10,0,-10,-17,-4,-22,9,10};

int data27[] = {57,24,23,12,33,-19,-75,37,-46,0,7,0,0,0,0,0,0,0,0,0,-2,4,11,7,-3,-4,-14,-1,-20,12,1,6,16,-16,23,8,-2,-19,-5,19,-10,-2,-2,0,-10,-4,-6,-9,10,-15,2,11,19,4,-15,21,10};

int data28[] = {57,24,24,12,33,-67,-74,37,-46,0,7,0,0,0,0,0,0,0,0,0,-2,-18,-13,8,3,-6,-7,6,7,-10,9,-10,7,16,2,7,-1,28,-10,-14,-12,-21,-7,-1,16,11,-13,24,6,-6,-16,-1,11,-4,-7,-8,10};

int data29[] = {57,24,25,12,33,-51,-68,38,66,0,7,0,0,0,0,0,0,0,0,0,-3,-3,-11,0,12,4,-6,-6,12,-2,-11,-7,28,20,8,-9,4,2,-15,-11,-2,6,-4,12,7,9,1,-11,8,-9,-10,-15,2,15,1,-8,10};

int data30[] = {57,24,26,12,33,109,-61,37,-46,0,7,0,0,0,0,0,0,0,0,0,20,4,-1,-4,1,1,-16,2,3,-4,-18,5,11,-10,3,12,18,-13,-4,6,-11,6,-2,23,-4,11,-2,-7,-6,-3,-5,7,-22,-2,-16,5,10};

int data31[] = {57,24,27,12,32,-83,-45,39,114,0,7,0,0,0,0,0,0,0,0,0,29,4,-5,-19,17,-13,-24,-12,11,12,-13,15,19,7,-12,-7,2,5,-4,-8,-8,-16,25,14,0,9,12,12,-22,-1,19,-13,1,-3,2,-9,10};

int data32[] = {57,24,28,12,32,-83,-33,42,50,0,7,0,0,0,0,0,0,0,0,0,-9,23,5,4,-7,5,-6,-1,-5,-9,-24,0,-25,-4,-15,15,14,3,28,0,-6,-14,-16,-2,-9,0,2,-3,16,6,13,1,10,-9,-1,-10,10};

int data33[] = {57,24,29,12,31,-83,-22,42,2,0,7,0,0,0,0,0,0,0,0,0,-2,-13,-9,-2,6,4,8,-1,-5,9,1,7,2,-2,21,-9,13,-1,-2,11,-33,-7,-28,0,3,-23,23,-2,24,-1,4,12,-1,5,5,-15,10};

int data34[] = {57,24,30,12,32,13,-19,42,-126,0,7,0,0,0,0,0,0,0,0,0,-10,5,-12,5,-2,-3,19,1,19,-12,-13,3,-10,-16,3,6,-8,-5,-3,12,1,-17,2,-1,-6,1,-2,6,10,7,7,1,7,-2,-5,-3,10};

int data35[] = {57,25,31,12,30,-3,-10,43,66,0,7,0,0,0,0,0,0,0,0,0,-5,-7,-16,15,-17,18,13,5,13,-18,1,-14,1,-25,-13,19,9,5,-1,25,9,13,19,-7,5,0,3,-21,-5,7,-3,4,-7,4,-15,-6,10};

int data36[] = {57,25,32,12,30,-3,-5,43,-46,0,7,0,0,0,0,0,0,0,0,0,-8,9,7,-11,-6,16,-1,-16,-4,-2,-1,-12,-11,18,6,12,0,-4,17,6,-13,10,-6,17,-2,-4,-5,-2,5,-7,-1,2,18,-11,-23,-2,10};

int data37[] = {57,25,33,12,30,125,-2,43,-30,0,7,0,0,0,0,0,0,0,0,0,-4,24,7,4,20,-8,8,-1,-4,-5,-3,13,0,-12,1,-14,-5,-13,6,1,-7,13,-7,3,-15,-8,-3,0,19,9,7,-10,17,-5,-8,3,10};

int data38[] = {57,25,34,12,30,-18,1,44,114,0,7,0,0,0,0,0,0,0,0,0,-6,6,-31,5,0,-15,25,27,-12,3,-2,24,6,-5,24,-7,-4,-13,5,-5,-7,-16,-2,11,-15,10,-5,22,-13,7,-1,-3,4,-11,7,-11,10};

int data39[] = {57,25,35,12,30,126,5,44,114,0,7,0,0,0,0,0,0,0,0,0,11,5,-12,-10,-3,3,-7,-2,16,5,3,3,8,-7,-17,-4,2,3,-12,18,15,2,14,8,12,0,-4,-7,-9,-18,-16,-23,-9,14,-1,-7,10};

int data40[] = {57,25,36,12,30,78,6,44,-30,0,7,0,0,0,0,0,0,0,0,0,14,30,11,7,8,13,-8,3,3,1,-10,2,-17,-14,4,-5,4,-6,9,8,-12,9,-9,-10,0,5,-2,-9,8,12,-8,-5,26,16,-12,-2,10};

int data41[] = {57,25,37,12,30,110,9,45,66,0,7,0,0,0,0,0,0,0,0,0,14,-4,-22,0,-13,-2,-21,1,5,-4,0,4,25,11,5,-5,16,-3,-8,1,-1,18,-23,-2,-1,7,0,-12,-6,9,2,8,1,-8,6,1,10};

int data42[] = {57,25,38,12,30,110,9,44,-30,0,7,0,0,0,0,0,0,0,0,0,-14,-15,1,4,-6,2,-2,12,-8,3,-15,11,13,-13,11,4,5,-13,-3,-8,-2,0,4,4,-7,8,-17,1,8,-19,-3,4,4,3,-5,19,10};

int data43[] = {57,25,39,12,30,78,10,44,-46,0,7,0,0,0,0,0,0,0,0,0,6,-1,9,-4,-1,-6,4,-12,-3,8,19,-2,-15,-3,-2,7,1,10,-3,0,-1,-9,-3,-13,-18,5,-3,22,-3,10,17,26,14,-1,-22,-19,10};

int data44[] = {57,25,40,12,30,126,14,45,18,0,7,0,0,0,0,0,0,0,0,0,-19,-16,3,2,8,7,0,-5,-7,-1,-12,-2,6,24,3,11,4,-2,6,-11,10,-12,12,1,-8,-5,-13,13,2,20,7,1,12,12,-5,-12,10};

int data45[] = {57,25,41,12,29,-18,16,45,2,0,7,0,0,0,0,0,0,0,0,0,-7,-17,-17,-30,5,-9,-3,-7,-6,-12,-5,6,-1,14,9,22,-10,3,1,-4,-7,8,11,4,2,-8,3,-3,-4,14,-14,14,0,-16,14,-31,10};

int data46[] = {57,25,42,12,29,-98,27,46,114,0,7,0,0,0,0,0,0,0,0,0,-6,-13,18,11,-6,2,7,9,-7,7,11,0,12,-1,-1,13,7,5,-8,4,14,-6,-6,-6,-17,3,-14,-18,-5,-13,-5,-9,9,10,2,-2,10};

int data47[] = {57,25,43,12,28,-114,34,46,82,0,7,0,0,0,0,0,0,0,0,0,28,15,0,5,7,10,-25,-13,26,-8,-11,-2,10,3,-25,10,9,-5,15,-1,-11,-9,1,-17,7,-7,18,11,-7,26,-31,11,-5,-8,-2,-13,10};

int data48[] = {57,25,44,12,28,78,45,47,-94,0,7,0,0,0,0,0,0,0,0,0,9,-11,2,-4,-3,-12,0,13,3,4,14,25,-8,-4,2,-3,-9,-24,0,-15,-5,6,-20,-6,7,18,-2,3,30,9,-1,22,13,12,-14,-9,10};

int data49[] = {57,25,45,12,27,-2,51,48,98,0,7,0,0,0,0,0,0,0,0,0,13,-11,-11,-3,2,0,-10,-9,4,8,-16,19,0,1,14,-14,10,-16,-4,12,-9,8,-4,-5,3,-10,2,-21,21,-11,-11,23,-10,27,-20,18,10};

int data50[] = {57,25,46,12,26,-82,59,49,18,0,7,0,0,0,0,0,0,0,0,0,-4,-14,2,-23,11,-11,4,7,3,22,-10,6,2,-4,-1,-4,2,-9,-6,-9,-27,-5,-8,10,0,18,21,7,-2,-6,8,-17,1,2,3,4,10};

int data51[] = {57,25,47,12,24,30,79,49,-46,0,7,0,0,0,0,0,0,0,0,0,7,0,-5,-6,1,1,0,5,21,5,-8,-7,-1,-1,-8,-8,7,-5,-16,7,-1,-1,-11,19,8,-14,12,6,8,-1,4,9,-15,-15,-8,-8,10};

int data52[] = {57,25,48,12,23,110,92,51,66,0,7,0,0,0,0,0,0,0,0,0,-2,-13,4,7,11,1,12,25,-1,-7,-7,23,7,-18,4,-1,-9,-19,-17,7,5,-14,15,7,11,8,-10,-2,-3,-10,7,-2,5,25,2,5,10};

int data53[] = {57,25,49,12,22,94,97,51,-126,0,7,0,0,0,0,0,0,0,0,0,-1,-20,-13,-4,12,-6,1,1,14,-24,-7,-14,0,-10,-6,7,-3,1,-14,-4,12,9,-2,5,5,-3,21,-6,16,-7,3,15,-8,5,7,7,10};

int data54[] = {57,25,50,12,21,-34,106,52,2,0,7,0,0,0,0,0,0,0,0,0,0,-27,-5,15,-12,-6,0,20,-7,-5,3,7,8,-25,-1,-17,9,-5,-6,8,2,14,-3,16,-9,25,-7,7,12,-5,-1,-3,-6,4,-10,8,10};

int data55[] = {57,25,51,12,21,30,115,52,-78,0,7,0,0,0,0,0,0,0,0,0,-13,-8,-5,-7,-18,5,16,2,8,-13,4,0,-2,-8,-6,3,0,-9,4,4,3,-19,13,10,-6,11,-9,-8,7,7,6,-29,0,13,-5,-11,10};

int data56[] = {57,26,52,12,20,62,126,53,34,0,7,0,0,0,0,0,0,0,0,0,13,-3,14,6,20,-11,-13,-1,14,-10,1,11,8,15,-21,7,-6,-6,2,-6,2,18,-8,14,11,-9,9,-11,-2,-13,-13,7,-6,1,21,10,10};

int data57[] = {57,26,53,12,19,-114,125,53,98,0,7,0,0,0,0,0,0,0,0,0,2,-10,4,-8,-24,4,6,14,-9,11,16,-10,-13,-6,-7,-10,-7,1,2,8,11,-1,-2,-4,-13,12,4,4,12,0,17,-8,22,9,-19,-12,10};

int data58[] = {57,26,54,12,17,78,-73,54,-126,0,7,0,0,0,0,0,0,0,0,0,-10,13,-23,-5,5,6,15,2,6,0,-10,3,-10,0,-7,-2,1,7,0,-3,-7,-7,-7,-11,8,18,21,6,0,7,8,6,-4,-5,14,-3,10};

int data59[] = {57,26,55,12,16,46,-34,58,-126,0,7,0,0,0,0,0,0,0,0,0,-2,-13,-4,-6,-8,13,10,4,-14,-2,-2,-4,-7,-9,1,-7,-1,6,7,13,12,-7,-1,8,-5,-13,-14,1,1,-1,15,0,6,19,4,-13,10};

int data60[] = {57,26,56,12,12,-50,-16,56,-94,0,7,0,0,0,0,0,0,0,0,0,0,5,-6,-2,-1,11,-14,-4,4,-10,-8,13,18,-1,-13,1,-1,-9,-16,10,-14,-6,5,2,0,-6,18,4,-8,1,-12,6,-1,-1,8,2,10};

int data61[] = {57,26,57,12,6,-66,-5,59,-62,0,7,0,0,0,0,0,0,0,0,0,15,-3,1,-9,3,7,-11,-4,-12,11,-9,15,6,2,16,11,-2,-13,0,7,-5,-10,4,-5,12,-1,-10,12,13,0,-10,-19,-4,-13,-14,11,10};

int data62[] = {57,26,58,12,23,-98,-102,47,2,0,7,0,0,0,0,0,0,0,0,0,6,9,16,5,-11,-15,-1,3,-10,-9,12,17,12,-6,-1,13,-1,-3,3,1,1,-25,-14,-6,-25,-13,2,1,8,-5,10,-14,-3,11,14,7,10};

int data63[] = {57,26,59,12,34,-98,116,35,98,0,7,0,0,0,0,0,0,0,0,0,3,13,-10,-5,5,-20,-12,4,-6,-3,-6,14,12,4,-2,15,-8,12,11,0,1,-34,-12,-11,-8,1,7,1,-6,5,1,22,0,-4,14,10,10};

int data64[] = {57,26,60,12,45,110,105,27,34,0,7,0,0,0,0,0,0,0,0,0,8,-12,4,15,-4,3,11,5,-21,-6,-18,-19,-13,-5,18,2,10,22,12,6,-1,5,5,-9,-12,-5,-3,-3,-12,0,1,7,8,7,-2,-4,10};

int data65[] = {57,26,61,12,54,-82,117,20,-110,0,7,0,0,0,0,0,0,0,0,0,-4,-7,12,12,3,-22,-5,3,-21,-21,-12,11,-10,-17,1,11,7,0,29,4,17,12,11,-11,-19,8,10,-24,22,3,3,-2,-12,12,-24,7,10};

int data66[] = {57,26,62,12,60,14,115,16,-126,0,7,0,0,0,0,0,0,0,0,0,-10,0,-7,1,11,8,10,-8,15,-10,-4,-12,2,17,-13,8,4,5,-14,3,2,18,-11,-7,1,-4,-4,-20,-18,11,-8,-5,17,24,-5,1,10};

int data67[] = {57,26,63,12,59,-34,126,17,-94,0,7,0,0,0,0,0,0,0,0,0,3,19,-9,-13,19,-5,-1,-11,1,-5,9,4,9,11,9,15,-12,-17,4,5,-15,0,14,3,-11,2,11,3,-12,-2,6,-3,3,1,6,-11,10};

int data68[] = {57,26,64,12,56,-34,116,19,-30,0,7,0,0,0,0,0,0,0,0,0,-2,14,-8,-13,-17,27,-3,-4,-8,6,0,-21,0,5,-3,-14,17,15,9,9,4,8,-16,2,7,-11,-1,13,-16,2,-6,4,-3,-7,0,-6,10};

int data69[] = {57,26,65,12,52,-2,120,22,-46,0,7,0,0,0,0,0,0,0,0,0,-5,-20,14,-22,6,-9,-2,7,-19,9,6,-5,13,25,24,-3,12,9,-12,-12,3,-2,-8,-7,0,-4,-5,10,11,-12,4,10,-13,-2,6,9,10};

int data70[] = {57,26,66,12,50,-98,113,26,82,0,7,0,0,0,0,0,0,0,0,0,15,-15,24,0,-14,-7,1,-8,-12,-5,25,11,-10,0,-3,-10,-24,7,-11,-3,0,-7,11,-12,16,20,-3,8,-25,8,-4,-15,-6,-5,28,3,10};

int data71[] = {57,26,67,12,49,94,111,28,34,0,7,0,0,0,0,0,0,0,0,0,10,-3,9,25,2,-18,-9,1,-11,0,-22,7,10,-8,17,-1,15,-1,-19,22,-1,7,-19,6,0,-7,-17,-14,1,-13,0,-7,11,7,9,1,10};

int data72[] = {57,26,68,12,48,-2,102,29,114,0,7,0,0,0,0,0,0,0,0,0,4,-4,6,-11,19,11,-8,6,-4,0,-18,24,11,2,-16,18,-18,-6,-7,-1,8,-27,24,-8,-8,1,-4,9,-11,-2,15,1,-9,14,11,-5,10};

int data73[] = {57,26,69,12,47,-2,100,29,-126,0,7,0,0,0,0,0,0,0,0,0,1,-12,2,-15,-16,5,-3,12,20,6,-2,-7,0,-11,13,0,5,-17,16,-1,-8,1,12,12,-2,6,15,-1,-9,5,5,17,1,1,4,-18,10};

int data74[] = {57,26,70,12,47,-2,101,30,-46,0,7,0,0,0,0,0,0,0,0,0,-11,-14,-5,-4,-6,12,-3,-8,-8,11,-8,3,-5,9,4,-10,-8,-9,-13,-4,18,10,11,5,10,-10,-6,-18,-2,-5,-4,13,-13,15,16,-6,10};

int data75[] = {57,26,71,12,47,78,103,31,66,0,7,0,0,0,0,0,0,0,0,0,12,15,9,-8,-24,-1,-13,-23,13,6,0,9,-1,18,-15,0,2,-13,-5,-5,6,-11,-12,1,7,9,4,10,14,-4,15,11,-2,7,-11,1,10};

int data76[] = {57,26,72,12,46,-34,99,32,34,0,7,0,0,0,0,0,0,0,0,0,-10,12,4,-6,13,12,12,13,-9,-10,-10,-9,-11,-38,5,18,-4,2,-3,17,-5,4,13,-2,0,-20,8,-6,-27,7,1,31,3,11,20,-1,10};

int data77[] = {57,27,73,12,46,-82,92,31,-30,0,7,0,0,0,0,0,0,0,0,0,-3,-23,1,-14,-6,-11,-19,14,-5,-5,-4,7,14,-5,-9,11,6,11,17,-5,-11,-7,-9,0,-7,2,5,-9,1,8,-12,-3,8,-11,14,-2,10};

int data78[] = {57,27,74,12,46,-34,96,31,-126,0,7,0,0,0,0,0,0,0,0,0,18,14,-18,9,-1,21,6,-2,16,6,-9,-20,-13,2,-30,11,-12,14,0,4,25,1,6,-14,3,12,-23,-13,6,9,3,-8,18,-4,-4,6,10};

int data79[] = {57,27,75,12,46,-114,107,32,-46,0,7,0,0,0,0,0,0,0,0,0,1,8,-10,6,6,1,-15,-10,-5,21,-16,9,-2,11,-1,-3,4,14,-7,-6,-11,10,-7,-12,0,4,13,2,-5,8,9,13,-19,-19,19,-10,10};

int data80[] = {57,27,76,12,46,-34,110,32,-46,0,7,0,0,0,0,0,0,0,0,0,-12,-2,8,6,-13,3,9,2,1,9,-9,-4,-16,-13,3,-27,8,8,14,12,3,19,6,-3,-7,-15,-16,10,-14,2,5,13,6,-16,16,21,10};

int data81[] = {57,27,77,12,46,-2,121,33,2,0,7,0,0,0,0,0,0,0,0,0,-21,-4,-1,9,4,-9,20,2,-2,-26,-6,-6,3,-22,-3,28,0,-19,6,18,-5,-29,-4,23,-16,-5,14,34,0,0,10,-8,-19,-6,0,0,10};

int data82[] = {57,27,78,12,47,-2,-112,33,34,0,7,0,0,0,0,0,0,0,0,0,-18,13,-5,16,-7,2,-1,2,28,1,0,5,-1,8,-4,-1,12,-9,-13,-14,-13,-6,-16,1,-6,4,1,9,13,-1,-5,-5,-4,-1,-3,-17,10};

int data83[] = {57,27,79,12,51,14,-126,34,-62,0,7,0,0,0,0,0,0,0,0,0,19,12,20,-1,14,8,-13,-8,0,-2,-11,2,13,-9,4,13,-12,-11,-16,-3,1,-10,18,-1,8,10,-10,18,-11,-11,2,-4,23,-6,9,7,10};

int data84[] = {57,27,80,12,49,-2,99,34,114,0,7,0,0,0,0,0,0,0,0,0,-10,-10,-22,-4,-3,12,-2,16,12,-5,-1,-10,5,-11,-12,14,-14,2,6,8,3,-15,5,-3,-5,-11,-3,7,11,2,4,11,-1,-4,14,4,10};

int data85[] = {57,27,81,12,45,30,77,33,-94,0,7,0,0,0,0,0,0,0,0,0,8,-5,11,-6,-17,-13,-2,-12,-1,8,7,-6,11,-10,-13,-12,-9,-1,-23,10,25,6,1,8,12,-4,-14,0,5,-20,-9,-6,15,-11,5,2,10};

int data86[] = {57,27,82,12,41,-34,58,36,50,0,7,0,0,0,0,0,0,0,0,0,16,28,-9,2,9,4,-13,-18,18,7,-17,-8,13,18,12,-5,9,11,-6,-22,-7,2,7,-8,-6,-10,2,-10,4,-8,22,19,-24,0,11,-7,10};

int data87[] = {57,27,83,12,39,78,23,37,-126,0,7,0,0,0,0,0,0,0,0,0,-8,1,24,3,-24,4,-16,-6,-2,11,9,19,30,3,-10,-1,3,-26,-24,5,7,-13,-11,21,11,-11,10,3,0,1,-12,5,-16,-3,11,6,10};

int data88[] = {57,27,84,12,35,-51,-3,42,66,0,7,0,0,0,0,0,0,0,0,0,2,-4,-21,11,-7,-1,14,11,-4,-9,-8,6,7,-5,-2,-4,10,-2,6,20,7,3,7,1,-13,-10,3,-9,-12,0,-8,3,2,2,1,-16,10};

int data89[] = {57,27,85,12,35,13,-27,38,-46,0,7,0,0,0,0,0,0,0,0,0,0,-7,7,-11,-7,-7,-5,-8,-10,13,3,-4,11,0,1,5,4,4,-2,10,14,-1,-5,-7,11,-14,-4,-1,-3,7,-3,1,-1,7,1,-12,10};

int data90[] = {57,27,86,12,30,13,-21,37,34,0,7,0,0,0,0,0,0,0,0,0,-8,-1,8,-18,0,19,9,-5,0,3,6,-1,-1,11,10,3,1,4,3,11,1,5,3,-6,0,5,2,9,-6,1,-10,-6,-12,-2,-10,-1,10};

int data91[] = {57,27,87,12,32,-3,-36,42,98,0,7,0,0,0,0,0,0,0,0,0,-4,0,4,4,4,-4,12,-14,-16,6,-7,10,-14,8,14,-13,2,16,11,3,6,4,4,-13,-6,5,-9,-18,1,4,-7,-16,-1,11,-4,-14,10};

int data92[] = {57,27,88,12,28,-19,-45,39,-14,0,7,0,0,0,0,0,0,0,0,0,15,21,0,12,11,7,-7,-2,-10,-14,-19,-8,1,-2,18,-9,12,4,7,2,-20,2,-7,11,-10,-12,10,0,-3,-8,22,-3,-10,-1,-1,8,10};

int data93[] = {57,27,89,12,26,29,-67,45,-94,0,7,0,0,0,0,0,0,0,0,0,-6,20,28,17,-1,9,-2,-6,-6,-9,-4,-8,-4,1,-15,-17,20,8,-14,8,-1,17,-28,-4,1,-14,1,6,12,-8,7,-6,1,-2,-6,5,10};

int data94[] = {57,27,90,12,22,-35,-76,44,82,0,7,0,0,0,0,0,0,0,0,0,0,-7,18,-7,5,-19,-10,12,-1,16,13,6,1,-10,7,-2,-8,7,-1,20,-14,13,18,-17,-15,-11,9,-13,-19,1,6,-8,15,9,-3,-1,10};

int data95[] = {57,27,91,12,21,61,-81,45,82,0,7,0,0,0,0,0,0,0,0,0,-11,-1,-4,3,5,5,-1,6,4,12,5,-17,10,-3,-9,16,2,-3,-15,-19,9,-14,0,4,-2,21,7,-2,-1,7,9,-3,6,-3,15,-8,10};

int data96[] = {57,27,92,12,19,-83,-73,47,114,0,7,0,0,0,0,0,0,0,0,0,-4,9,-18,7,-9,-14,2,-8,14,10,21,17,-12,3,-1,0,-6,-8,-1,-1,1,-14,1,0,-1,-20,6,1,7,21,-6,12,-2,5,-10,-20,10};

int data97[] = {57,27,93,12,14,125,-68,46,50,0,7,0,0,0,0,0,0,0,0,0,10,-10,-8,-4,-6,2,6,8,14,1,18,7,7,-12,-23,2,-5,-23,-9,18,12,-7,-8,2,0,-5,5,-3,8,10,15,-5,4,-6,7,0,10};

int data98[] = {57,27,94,12,11,109,-72,48,-62,0,7,0,0,0,0,0,0,0,0,0,-5,-7,-10,18,-1,-2,1,5,20,-33,8,-3,4,-16,-12,26,-12,-6,-3,15,6,5,3,14,-6,1,-6,0,5,-11,7,-10,-11,-2,5,19,10};

int data99[] = {57,28,95,12,7,13,-74,49,-126,0,7,0,0,0,0,0,0,0,0,0,-9,9,-3,-7,-11,-4,-1,2,7,13,-9,0,-3,-2,5,-13,4,4,0,8,-3,3,12,-15,-22,-4,-1,9,-3,5,9,-14,2,-4,-3,6,10};

int data100[] = {57,28,96,12,6,-51,-52,51,-94,0,7,0,0,0,0,0,0,0,0,0,10,-12,2,1,7,-12,0,0,4,-4,-3,1,-10,9,-7,-3,1,21,6,-3,-3,19,6,2,-3,-17,15,2,-9,-9,-12,10,-11,6,9,-10,10};

int data101[] = {57,28,97,12,8,77,-58,50,18,0,7,0,0,0,0,0,0,0,0,0,-5,0,13,-10,-7,2,17,-2,-2,14,5,-12,4,5,-5,-1,11,-1,-5,-10,9,-9,-11,6,3,18,-12,3,-5,-22,0,-15,15,-31,10,17,10};

int data102[] = {57,28,98,12,9,-35,-38,51,-110,0,7,0,0,0,0,0,0,0,0,0,-7,6,0,26,6,-5,8,-8,-15,-9,-24,9,-3,4,11,-7,34,-3,9,14,-13,-10,-9,7,4,-25,2,5,8,-10,11,-2,2,-6,-13,9,10};

int data103[] = {57,28,99,12,10,-35,-28,52,66,0,7,0,0,0,0,0,0,0,0,0,3,4,-15,9,7,6,-5,0,13,4,16,2,-5,5,5,-9,-21,2,-3,-6,-13,-10,4,1,-1,-8,-8,-6,-8,-5,-5,7,4,11,-1,2,10};

int data104[] = {57,28,100,12,11,125,-48,51,2,0,7,0,0,0,0,0,0,0,0,0,8,7,7,7,13,5,3,-14,-2,3,-12,-2,-3,9,-7,13,11,9,-1,11,-26,-10,-8,-7,-8,-18,9,1,-18,17,5,17,4,-13,20,-11,10};

int data105[] = {57,28,101,12,12,29,-59,50,-14,0,7,0,0,0,0,0,0,0,0,0,-2,2,-22,19,-15,7,17,-3,-1,-5,8,-10,-18,-2,11,-7,1,11,-9,-6,7,14,19,-12,6,-3,1,-3,-9,-9,-9,3,2,5,4,8,10};

int data106[] = {57,28,102,12,11,-35,-57,50,-94,0,7,0,0,0,0,0,0,0,0,0,-1,-2,-11,7,-10,-3,8,7,30,-10,13,-4,3,-7,-25,-3,-11,-9,3,-8,17,2,-2,-4,-21,13,16,-5,1,-8,13,6,-9,1,3,8,10};

int data107[] = {57,28,103,12,12,125,-66,50,34,0,7,0,0,0,0,0,0,0,0,0,-1,3,-6,10,-10,0,-10,-19,-7,-13,14,6,7,-3,9,16,-1,7,-2,3,7,-7,-3,6,0,24,-21,5,14,-8,10,-7,14,12,-11,7,10};

int data108[] = {57,28,104,12,11,29,-70,49,34,0,7,0,0,0,0,0,0,0,0,0,-12,-3,-14,-12,-1,-10,-2,-4,6,2,1,7,-5,-2,-7,5,14,16,-8,-11,3,5,-18,8,20,14,-1,7,12,-12,-4,-3,5,4,-6,5,10};

int data109[] = {57,28,105,12,9,29,-76,49,34,0,7,0,0,0,0,0,0,0,0,0,-3,-7,-22,1,-17,-2,3,10,6,-11,16,-4,-3,17,12,-19,25,4,11,-7,-16,5,-25,4,-17,-12,9,-25,2,-1,14,9,-6,34,8,2,10};

int data110[] = {57,28,106,12,9,-115,-78,49,-30,0,7,0,0,0,0,0,0,0,0,0,8,-16,9,-4,-14,24,2,8,-16,14,7,-22,-19,-10,17,-5,1,2,7,23,-11,-12,-4,-12,9,-14,13,17,-18,0,-18,16,-3,2,0,8,10};

int data111[] = {57,28,107,12,9,13,-83,49,82,0,7,0,0,0,0,0,0,0,0,0,7,-11,-8,-14,0,0,-15,-6,-4,-5,12,-8,12,2,-6,-6,1,6,9,11,21,8,-12,-10,-2,-11,7,-12,-5,19,3,16,-1,8,2,-4,10};

int data112[] = {57,28,108,12,8,77,-88,48,-30,0,7,0,0,0,0,0,0,0,0,0,14,5,-10,-11,-13,6,2,-1,-4,9,9,6,-10,10,-3,-2,-5,1,4,-6,7,-20,6,2,-3,-6,0,8,-14,-16,14,-10,8,-4,14,1,10};

int data113[] = {57,28,109,12,8,29,-82,49,-126,0,7,0,0,0,0,0,0,0,0,0,-8,-2,-14,12,1,-5,6,4,7,-6,-9,15,-2,-6,-17,2,4,-13,-13,17,8,-13,-12,5,19,1,3,15,11,0,-3,-22,3,-11,-1,18,10};

int data114[] = {57,28,110,12,9,61,-89,50,2,0,7,0,0,0,0,0,0,0,0,0,-4,3,-3,0,-10,-11,22,18,-7,-8,16,-11,-21,-12,14,-9,-11,11,6,-2,-8,21,16,-17,13,3,-11,-7,-22,32,-2,16,16,19,12,-13,10};

int data115[] = {57,28,111,12,9,45,-87,49,-126,0,7,0,0,0,0,0,0,0,0,0,-9,1,-8,-21,8,2,5,-13,0,-7,-9,6,1,3,-17,-3,1,0,3,-9,7,-1,10,-3,7,2,17,-18,3,-4,-10,8,-7,5,-4,3,10};

int data116[] = {57,28,112,12,8,-35,-84,49,-94,0,7,0,0,0,0,0,0,0,0,0,15,-12,-5,20,6,3,-13,-9,6,-7,-4,-4,0,-9,-4,-1,3,-1,-2,29,8,7,19,5,1,-16,7,-5,-16,-9,-11,12,7,15,13,-22,10};

int data117[] = {57,28,113,12,9,-51,-88,49,-110,0,7,0,0,0,0,0,0,0,0,0,8,-19,2,10,-19,14,2,26,-8,-15,14,1,-8,-10,7,-6,1,10,-3,1,7,-15,-5,-6,18,3,-22,25,-15,-1,-1,-3,-2,2,12,-2,10};

int data118[] = {57,28,114,12,10,13,-93,50,-110,0,7,0,0,0,0,0,0,0,0,0,20,-8,-8,-13,-8,7,-18,12,18,-9,10,19,-9,10,-26,14,-16,-9,2,0,-7,-4,15,-5,-9,-21,5,6,-5,4,18,17,-2,-9,11,15,10};

int data119[] = {57,28,115,12,9,93,-79,49,-78,0,7,0,0,0,0,0,0,0,0,0,-4,2,3,0,-11,-1,-3,11,-11,-6,-2,-21,0,-5,2,2,9,35,1,-18,-2,11,-14,-24,5,-1,-2,-15,18,11,-2,-12,7,-3,-6,-13,10};

int data120[] = {57,29,116,12,9,77,-85,50,-110,0,7,0,0,0,0,0,0,0,0,0,19,20,0,-9,0,22,-5,-14,1,11,3,-16,-4,8,-6,5,-3,-10,-1,-6,8,-7,3,17,7,-15,7,-7,6,-6,-13,14,3,8,6,-3,10};

int data121[] = {57,29,117,12,8,-67,-74,49,114,0,7,0,0,0,0,0,0,0,0,0,-9,-16,-10,13,-17,-8,20,8,8,-12,18,7,2,1,-9,-13,-10,-9,-13,1,-5,-3,15,-7,23,12,8,4,-13,12,-16,-21,6,-4,-14,0,10};

int data122[] = {57,29,118,12,9,93,-85,50,-78,0,7,0,0,0,0,0,0,0,0,0,5,3,2,-8,7,-14,6,0,4,10,1,-4,-4,-2,1,-12,-15,-3,5,22,6,11,14,-7,0,-11,5,-7,13,-4,2,-7,-1,-3,-7,12,10};

int data123[] = {57,29,119,12,8,-67,-74,50,50,0,7,0,0,0,0,0,0,0,0,0,-10,6,0,0,-10,-6,8,-2,-3,-8,3,-2,-1,6,-6,9,8,0,-10,7,4,9,-17,6,18,7,15,8,-6,3,4,-6,-15,1,4,-8,10};

int data124[] = {57,29,120,12,9,109,-80,50,2,0,7,0,0,0,0,0,0,0,0,0,-12,-22,6,-6,6,13,-2,11,-3,-1,-11,-22,-5,8,0,3,14,11,10,-2,0,-15,8,-16,1,1,-9,6,-9,9,7,-12,7,-10,5,4,10};

int data125[] = {57,29,121,12,9,61,-82,49,-78,0,7,0,0,0,0,0,0,0,0,0,-13,-9,-6,20,-2,6,19,16,0,-12,4,5,8,-6,11,-13,2,-9,-30,-1,-10,4,-14,-9,24,8,-5,-4,11,17,-9,0,0,-6,-7,6,10};

int data126[] = {57,29,122,12,9,93,-82,49,-30,0,7,0,0,0,0,0,0,0,0,0,4,6,18,2,2,-24,-6,-2,-22,-16,2,16,19,-1,4,25,-26,0,-8,8,-10,-18,25,-10,4,11,9,6,-16,19,-5,-15,15,0,-4,-1,10};

int data127[] = {57,29,123,12,10,-83,-92,49,50,0,7,0,0,0,0,0,0,0,0,0,-1,29,-13,-6,14,-9,-10,-3,0,2,4,9,14,-7,-4,7,-19,-25,-3,3,-1,9,14,11,6,-10,3,-16,-2,15,5,17,-7,5,-11,2,10};

int data128[] = {57,29,124,12,12,29,-120,48,2,0,7,0,0,0,0,0,0,0,0,0,-12,-2,12,-5,-3,-11,20,8,-8,10,11,3,-15,-9,27,5,-24,-9,-11,-5,-30,-7,13,-23,8,-3,20,-4,2,28,4,3,6,12,-6,2,10};

int data129[] = {57,29,125,12,13,77,111,47,98,0,7,0,0,0,0,0,0,0,0,0,3,5,7,-5,6,-15,-14,12,-6,19,3,9,9,-18,-13,-17,-13,0,-21,25,13,0,2,10,6,-27,3,15,-1,-12,7,-10,-7,4,-8,-1,10};

int data130[] = {57,29,126,12,6,-35,-115,46,18,0,7,0,0,0,0,0,0,0,0,0,2,8,15,-2,14,-6,-10,8,-19,5,16,23,-2,4,-6,-12,-17,-6,-8,-16,1,-1,5,0,12,14,8,-29,-4,16,6,-18,-23,22,9,-18,10};

int data131[] = {57,29,127,12,8,29,109,47,66,0,7,0,0,0,0,0,0,0,0,0,-8,9,-1,-8,-4,9,-11,0,6,-9,-2,14,4,7,12,6,0,-1,14,-5,-5,9,-3,-21,5,-3,3,1,8,18,2,5,5,8,-6,-14,10};

int data132[] = {57,29,-128,12,8,125,92,43,-14,0,7,0,0,0,0,0,0,0,0,0,-1,-7,-4,-19,-4,4,5,-14,-9,-1,-8,4,2,14,13,-10,9,13,-17,2,-16,-2,9,-13,-5,11,-3,16,-4,17,18,-9,-3,-11,-19,-11,10};

int data133[] = {57,29,-127,12,8,-115,86,44,2,0,7,0,0,0,0,0,0,0,0,0,-8,1,-2,4,5,-3,6,11,0,4,21,22,-17,-3,23,-6,-21,-7,9,-17,-34,6,0,-15,18,1,17,-29,0,8,16,9,5,11,2,3,10};

int data134[] = {57,29,-126,12,9,-99,72,44,2,0,7,0,0,0,0,0,0,0,0,0,-4,-28,-11,-2,-3,3,-4,19,8,9,29,-11,1,-7,8,-1,-20,-2,1,3,-17,22,-2,-12,-7,0,13,-19,2,12,-5,-8,3,-33,16,-5,10};

int data135[] = {57,29,-125,12,10,45,58,43,2,0,7,0,0,0,0,0,0,0,0,0,10,15,-5,26,-3,18,-4,-16,-2,9,-4,1,17,3,7,-3,-2,-29,-12,-4,5,-15,-1,1,13,15,6,-6,4,3,-5,-9,-7,-3,-2,-19,10};

int data136[] = {57,29,-124,12,10,-3,49,42,-126,0,7,0,0,0,0,0,0,0,0,0,2,-18,24,2,9,13,30,18,-16,19,-7,-6,-27,-9,-2,-33,1,-9,12,3,12,13,6,2,-3,9,-4,2,-4,2,3,5,14,-18,3,-11,10};

int data137[] = {57,29,-123,12,11,-3,42,42,-62,0,7,0,0,0,0,0,0,0,0,0,-3,-7,-16,-11,-4,0,19,6,3,15,0,11,5,15,4,-8,-12,-5,-14,-17,3,-8,0,10,4,-14,-9,-6,26,-4,9,13,10,6,1,10,10};

int data138[] = {57,29,-122,12,12,-83,42,43,2,0,7,0,0,0,0,0,0,0,0,0,1,1,0,-7,3,4,-12,6,-7,15,-4,-8,-6,4,-16,-15,-15,-14,2,-9,21,17,6,7,-1,-11,-18,8,-13,-11,5,10,15,-3,28,3,10};

int data139[] = {57,29,-121,12,11,-51,50,42,-62,0,7,0,0,0,0,0,0,0,0,0,33,2,6,-21,-15,-6,-21,12,14,16,-5,16,7,-12,-11,-1,10,-31,-13,-4,-3,-13,2,26,10,7,13,5,2,-25,1,-18,-24,2,-3,2,10};

int data140[] = {57,29,-120,12,12,13,49,43,82,0,7,0,0,0,0,0,0,0,0,0,-6,19,5,-3,-6,7,8,-13,8,-4,18,8,-3,-2,-3,-16,-15,-13,-22,7,7,27,11,6,19,-12,-4,-5,-16,-8,18,18,-3,1,-8,-2,10};

int data141[] = {57,30,-119,12,12,61,44,42,-30,0,7,0,0,0,0,0,0,0,0,0,-17,-2,1,-5,17,12,4,-3,1,-7,-25,1,9,-3,0,14,12,-4,-15,8,-7,9,0,7,23,9,23,-13,-5,-18,-10,-20,-9,-10,-15,-15,10};

int data142[] = {57,30,-118,12,12,29,42,42,-46,0,7,0,0,0,0,0,0,0,0,0,-6,0,-2,-6,8,-5,-4,11,9,9,6,14,-4,-2,0,7,8,-4,3,4,12,6,-18,-1,5,-10,-3,-10,-9,9,-11,-2,-9,-7,7,-22,10};

int data143[] = {57,30,-117,12,11,109,50,42,-30,0,7,0,0,0,0,0,0,0,0,0,21,20,19,-7,7,1,-17,-10,2,-4,-15,12,15,7,-7,-4,9,0,-12,-13,-3,7,6,-20,14,9,-3,11,-6,19,-8,-9,4,-12,13,-2,10};

int data144[] = {57,30,-116,12,11,109,51,43,34,0,7,0,0,0,0,0,0,0,0,0,7,14,-1,-6,-16,-10,-13,-14,20,6,3,1,9,9,-10,14,15,4,6,6,7,-12,-21,6,5,-16,-1,-10,8,-10,-19,1,-4,19,-7,0,10};

int data145[] = {57,30,-115,12,11,125,46,43,66,0,7,0,0,0,0,0,0,0,0,0,2,24,-10,1,-4,-3,-12,7,2,2,-1,16,20,9,5,-9,10,-4,-4,-26,2,10,-17,-2,-8,0,9,2,12,5,3,4,-4,-11,11,-27,10};

int data146[] = {57,30,-114,12,12,77,46,43,-110,0,7,0,0,0,0,0,0,0,0,0,9,-2,-8,19,1,-1,-7,1,6,-7,-9,7,-14,2,-2,12,8,-8,1,3,4,-11,15,3,-1,-3,0,8,-20,3,0,-11,-11,0,-1,4,10};

int data147[] = {57,30,-113,12,11,-51,47,43,98,0,7,0,0,0,0,0,0,0,0,0,2,4,16,5,7,-9,-9,17,19,14,3,9,1,0,-15,-21,1,-10,-14,-15,-7,6,-4,1,18,2,12,-7,1,4,-6,4,8,1,10,-4,10};

int data148[] = {57,30,-112,12,11,-67,56,43,2,0,7,0,0,0,0,0,0,0,0,0,-3,-3,-14,5,-1,9,-2,-1,10,14,11,-10,5,5,-29,1,-3,0,-1,-8,22,-17,0,14,0,5,1,2,-15,3,5,12,-2,-2,9,-4,10};

int data149[] = {57,30,-111,12,12,-19,47,43,-30,0,7,0,0,0,0,0,0,0,0,0,-9,-20,-4,-11,-19,6,20,9,-12,11,-3,-26,-3,-4,8,-8,16,18,-6,17,5,4,-9,-5,-14,-9,13,-1,-1,7,22,-2,-12,4,-4,-16,10};

int data150[] = {57,30,-110,12,11,-3,62,42,-46,0,7,0,0,0,0,0,0,0,0,0,-7,-2,-3,-13,7,13,-1,-17,9,18,4,3,-3,4,-15,-11,-21,2,-1,6,16,1,9,9,-1,4,6,16,15,-1,20,-18,-42,-7,8,-1,10};

int data151[] = {57,30,-109,12,12,77,51,43,18,0,7,0,0,0,0,0,0,0,0,0,-24,0,21,5,0,20,3,-5,2,-22,-13,-6,-6,-1,-10,13,6,2,19,14,-2,6,-11,8,-12,-23,1,0,1,3,8,37,-7,7,3,-12,10};

int data152[] = {57,30,-108,12,12,-67,42,42,-30,0,7,0,0,0,0,0,0,0,0,0,-6,-9,-5,-7,0,7,11,7,5,4,-10,-9,15,-12,2,-7,12,8,-16,19,-8,-8,-11,-9,-4,-17,8,4,-3,-6,-4,10,-2,1,-10,8,10};

int data153[] = {57,30,-107,12,12,-115,49,43,98,0,7,0,0,0,0,0,0,0,0,0,20,3,4,-8,5,-4,-4,2,-5,-6,1,-2,1,5,4,8,-1,-11,3,-9,5,-12,-21,23,-4,9,8,-2,6,-7,4,-2,0,-9,10,-15,10};

int data154[] = {57,30,-106,12,12,61,44,42,-110,0,7,0,0,0,0,0,0,0,0,0,17,18,3,29,-17,13,-10,-6,-8,-15,1,-8,-7,-14,4,-3,8,-3,10,13,-1,4,-9,-7,5,20,10,-13,-13,17,-1,-10,0,19,17,-6,10};

int data155[] = {57,30,-105,12,12,-67,33,42,-14,0,7,0,0,0,0,0,0,0,0,0,-1,-3,-15,-6,0,-13,-11,7,5,3,10,13,4,14,2,3,-2,-1,-6,-19,0,-14,-8,5,-7,-6,0,8,2,-1,8,8,-2,6,-9,-7,10};

int data156[] = {57,30,-104,12,12,61,40,42,50,0,7,0,0,0,0,0,0,0,0,0,2,8,-3,2,9,14,-7,10,13,-4,6,-5,-1,-13,-2,11,-16,-16,2,3,-11,-8,6,-12,-2,-3,9,10,11,27,18,-4,15,-22,-5,-19,10};

int data157[] = {57,30,-103,12,11,-115,40,42,34,0,7,0,0,0,0,0,0,0,0,0,-13,-5,-31,-7,17,0,2,29,6,13,-29,4,-7,-37,-4,-6,14,13,14,14,9,-6,9,1,4,-8,-19,6,-11,-9,1,3,21,-3,0,-9,10};

int data158[] = {57,30,-102,12,11,45,40,41,-30,0,7,0,0,0,0,0,0,0,0,0,5,-9,-2,-4,12,14,-4,12,7,11,-14,-14,8,6,-14,-11,22,-12,-13,2,16,5,-10,16,15,-5,-1,-11,4,-14,-16,9,4,4,-17,-5,10};

int data159[] = {57,30,-101,12,10,77,35,42,50,0,7,0,0,0,0,0,0,0,0,0,2,-20,0,-8,7,-10,-11,-12,9,8,0,13,13,11,-1,7,8,15,2,17,-2,-12,-8,-22,-5,-9,4,16,-18,-6,13,-3,5,16,22,-5,10};

int data160[] = {57,30,-100,12,11,29,24,41,-62,0,7,0,0,0,0,0,0,0,0,0,-2,10,12,-29,-15,6,-7,5,-7,-3,-1,-4,-7,-8,-1,7,16,16,-15,7,-34,4,-8,-7,5,-18,12,9,-1,3,2,-5,-10,5,8,-11,10};

int data161[] = {57,30,-99,12,11,29,31,41,-110,0,7,0,0,0,0,0,0,0,0,0,-1,-1,20,-4,-3,5,-16,10,-25,5,-2,-10,5,-10,20,-4,6,14,5,10,16,-1,-3,7,-2,-11,-14,-7,20,-5,0,-4,1,11,-12,-12,10};

int data162[] = {57,30,-98,12,11,45,28,42,2,0,7,0,0,0,0,0,0,0,0,0,3,7,3,-15,9,15,12,-3,-22,13,-10,-2,-3,-18,7,0,12,14,-2,9,3,-5,-7,-7,2,-14,-3,14,5,-1,-3,24,8,-6,7,8,10};

int data163[] = {57,31,-97,12,12,13,32,41,-78,0,7,0,0,0,0,0,0,0,0,0,-10,-46,-2,-4,-7,-8,-12,17,9,-2,11,11,21,2,-22,9,7,-7,-17,-21,17,4,-11,-4,10,31,-10,5,-2,4,-1,-16,-3,-4,-9,-13,10};

int data164[] = {57,31,-96,12,13,-83,20,41,98,0,7,0,0,0,0,0,0,0,0,0,-7,5,5,-13,10,25,3,8,3,15,8,-30,-14,-11,-8,-10,2,10,4,-12,-5,16,-16,12,15,13,25,-2,11,-6,-17,-7,-18,-15,8,-14,10};

int data165[] = {57,31,-95,12,13,45,31,40,-30,0,7,0,0,0,0,0,0,0,0,0,9,18,11,4,4,5,1,-20,-6,3,5,13,-2,2,4,-7,4,5,0,10,4,7,4,-6,-10,-2,1,-13,-26,7,12,-30,-15,4,-4,8,10};

int data166[] = {57,31,-94,12,13,-83,29,41,82,0,7,0,0,0,0,0,0,0,0,0,-1,27,10,0,16,-13,15,12,-12,-3,6,5,-3,-14,13,2,-1,-7,-10,7,-3,14,-17,17,-6,0,4,-2,18,2,-10,8,-6,-15,-6,-14,10};

int data167[] = {57,31,-93,12,14,-19,20,41,-62,0,7,0,0,0,0,0,0,0,0,0,7,-10,2,11,29,0,25,-7,-13,-6,-22,-13,-14,3,6,4,0,11,4,-2,-3,5,-1,8,-6,2,8,-8,14,-2,1,16,10,2,-15,-1,10};

int data168[] = {57,31,-92,12,13,-19,31,40,-94,0,7,0,0,0,0,0,0,0,0,0,-2,-29,3,0,-2,16,7,6,-23,-15,9,-13,3,15,-2,-3,6,-9,-5,-20,16,11,-7,3,8,14,-2,-13,5,-1,7,-12,-24,8,6,15,10};

int data169[] = {57,31,-91,12,14,93,28,40,-62,0,7,0,0,0,0,0,0,0,0,0,-17,9,13,7,-12,-7,24,-10,10,12,17,10,-1,7,-12,-25,-4,-14,-18,-23,5,11,-4,0,14,9,-1,-8,-8,-3,-6,8,2,7,-8,-18,10};

int data170[] = {57,31,-90,12,14,13,29,40,-30,0,7,0,0,0,0,0,0,0,0,0,2,9,10,-11,-12,22,-2,3,4,-4,20,-5,19,-7,1,-5,-2,-6,-8,-6,-3,14,6,3,22,16,6,-7,-1,9,-17,-7,4,-3,-14,-5,10};

int data171[] = {57,31,-89,12,13,109,35,40,-62,0,7,0,0,0,0,0,0,0,0,0,-5,-2,-17,-7,-2,-13,-8,-1,6,9,2,12,7,-19,-8,12,-11,-9,1,31,10,-2,11,4,3,0,-2,3,-2,-5,-11,-4,1,-3,-11,-12,10};

int data172[] = {57,31,-88,12,13,-67,37,41,-110,0,7,0,0,0,0,0,0,0,0,0,0,-2,11,-11,3,7,-3,-12,13,5,11,0,10,35,3,5,-7,-10,-17,-35,-17,-7,-10,12,13,13,22,-3,-8,-8,5,-7,-10,-2,13,6,10};

int data173[] = {57,31,-87,12,13,-35,29,41,34,0,7,0,0,0,0,0,0,0,0,0,6,7,-12,3,12,-15,-2,-28,3,8,-7,26,-3,-10,-12,13,23,-11,-11,0,-12,-11,-15,10,5,11,8,-8,5,-12,-6,13,11,10,17,10,10};

int data174[] = {57,31,-86,12,14,93,26,41,114,0,7,0,0,0,0,0,0,0,0,0,9,-16,1,-19,-11,15,-15,12,-14,-1,1,-18,10,-10,10,-4,-9,8,12,11,-4,14,-6,-11,4,-21,5,3,1,7,-10,20,5,15,4,-6,10};

int data175[] = {57,31,-85,12,14,29,22,40,-14,0,7,0,0,0,0,0,0,0,0,0,-14,-6,-17,-14,9,-7,-11,13,4,-17,-4,2,19,-7,9,3,-15,1,-15,4,-11,8,17,-13,18,5,-16,-3,2,23,-2,-10,25,3,-2,-3,10};

int data176[] = {57,31,-84,12,14,93,22,40,-62,0,7,0,0,0,0,0,0,0,0,0,-11,21,2,9,19,8,19,2,-10,5,-16,-1,9,-14,8,-18,-3,-8,-14,16,-15,6,6,-3,14,-17,-16,-16,-13,-5,13,-12,25,-5,-2,22,10};

int data177[] = {57,31,-83,12,14,125,26,40,-30,0,7,0,0,0,0,0,0,0,0,0,0,11,7,6,9,-18,-14,-6,-25,11,5,-2,-3,3,9,-8,9,4,-12,-14,9,7,-9,4,1,6,-2,10,11,6,1,12,-8,-1,-8,-7,10};

int data178[] = {57,31,-82,12,15,61,25,40,34,0,7,0,0,0,0,0,0,0,0,0,3,5,4,-1,10,3,-8,-6,8,16,-3,10,-5,2,-11,-22,-3,-15,-7,-5,24,23,1,-9,0,5,-17,-7,-13,-13,-3,-3,-3,-1,4,17,10};

int data179[] = {57,31,-81,12,15,-35,22,40,18,0,7,0,0,0,0,0,0,0,0,0,10,-16,19,17,3,-10,-22,-1,-9,-11,-3,-5,19,14,8,2,-19,-2,-15,11,-1,12,15,13,-10,-5,-16,1,-22,-3,9,-11,-3,-9,10,5,10};

int data180[] = {57,31,-80,12,15,-51,20,39,-30,0,7,0,0,0,0,0,0,0,0,0,7,18,7,19,-9,-7,16,6,-4,-5,10,5,-27,-20,5,-31,14,-12,-18,18,-19,20,-11,11,29,9,18,6,6,-3,-2,-15,15,2,-4,7,10};

int data181[] = {57,31,-79,12,16,-83,13,39,34,0,7,0,0,0,0,0,0,0,0,0,-10,-1,3,4,7,-23,6,-11,-9,-11,1,-2,1,-7,11,7,-6,17,10,-1,4,-1,18,2,2,-2,-16,-21,-17,-16,-32,-2,2,8,16,16,10};

int data182[] = {57,31,-78,12,17,13,9,38,-94,0,7,0,0,0,0,0,0,0,0,0,11,3,6,-6,-9,-3,-6,-15,10,16,2,-1,5,13,-7,-6,1,9,-12,7,-19,15,-11,-5,14,-17,11,-12,19,8,4,9,-5,2,8,0,10};

int data183[] = {57,31,-77,12,17,93,6,38,66,0,7,0,0,0,0,0,0,0,0,0,10,-9,1,9,-8,-4,-14,0,16,-25,19,-1,12,9,-18,19,-28,-3,-7,-18,14,-33,17,-6,13,18,-4,22,-17,17,1,-10,1,-8,4,-2,10};

int data184[] = {57,32,-76,12,17,-51,7,37,-14,0,7,0,0,0,0,0,0,0,0,0,8,17,-23,-16,7,-4,4,3,5,11,0,-12,-1,-12,14,-2,-23,10,-6,9,5,5,25,-3,1,3,-1,-11,-41,-4,16,-1,5,0,13,9,10};

int data185[] = {57,32,-75,12,18,61,9,37,98,0,7,0,0,0,0,0,0,0,0,0,-18,5,-3,4,9,-19,-1,5,-7,-14,-12,14,14,5,4,8,17,-10,-14,5,15,-12,2,2,0,-5,6,-1,-16,17,19,2,-15,19,-8,-10,10};

int data186[] = {57,32,-74,12,18,-83,4,38,18,0,7,0,0,0,0,0,0,0,0,0,-13,6,-4,-22,-3,9,-8,-7,1,25,23,-8,17,-5,4,-18,-4,3,-3,12,10,9,-4,-9,22,6,-30,10,11,2,-2,-8,9,-15,-4,8,10};

int data187[] = {57,32,-73,12,17,-67,10,38,-94,0,7,0,0,0,0,0,0,0,0,0,-20,3,-9,7,4,-4,4,2,-2,-3,3,0,-9,-3,14,16,-22,2,3,-12,-17,-6,1,0,-2,20,15,-3,18,25,1,-4,-1,-3,-23,-12,10};

int data188[] = {57,32,-72,12,18,-99,6,38,-110,0,7,0,0,0,0,0,0,0,0,0,6,4,12,0,12,2,-25,-10,-13,7,7,-10,14,-6,0,-9,-14,20,13,-9,3,1,3,-11,12,0,-14,-15,-14,-2,-1,9,13,19,17,12,10};

int data189[] = {57,32,-71,12,18,-51,8,38,-78,0,7,0,0,0,0,0,0,0,0,0,-1,8,0,-7,-2,-9,-2,-10,-5,-18,-5,2,5,19,2,-1,-4,4,0,-3,20,16,17,-23,10,-4,-14,-3,-25,15,4,6,-6,-25,17,-17,10};

int data190[] = {57,32,-70,12,18,125,12,38,98,0,7,0,0,0,0,0,0,0,0,0,5,-7,-1,14,-14,-4,-13,8,-16,-6,23,-7,-11,-11,22,11,-25,24,11,4,-8,-18,9,-14,10,-8,0,12,-7,7,-1,-4,0,-3,3,-7,10};

int data191[] = {57,32,-69,12,18,45,22,38,-110,0,7,0,0,0,0,0,0,0,0,0,5,14,10,-1,2,12,0,2,10,-2,-4,1,-12,-15,-3,-5,-5,-8,8,0,5,5,9,1,-8,21,-4,9,2,-22,1,-24,15,-25,5,2,10};

int data192[] = {57,32,-68,12,18,93,21,38,-94,0,7,0,0,0,0,0,0,0,0,0,14,-11,-27,9,5,11,14,-10,14,-14,5,1,-3,-1,11,-9,1,-5,6,-3,-8,-7,-2,-5,-9,-8,-8,-1,9,-6,1,0,-15,21,5,25,10};

int data193[] = {57,32,-67,12,17,-67,30,38,-94,0,7,0,0,0,0,0,0,0,0,0,10,4,20,4,-11,-9,3,3,-17,-13,12,-13,-12,11,18,13,-3,29,-12,-5,-16,-3,-3,-8,16,-24,3,1,23,-4,-15,16,0,-1,-5,15,10};

int data194[] = {57,32,-66,12,18,-19,23,38,-30,0,7,0,0,0,0,0,0,0,0,0,15,-16,-12,-19,-7,-29,-20,-12,22,17,16,8,12,11,-6,-26,5,12,14,1,-12,21,-20,-6,15,5,1,-10,22,3,-29,6,-3,-3,-10,-3,10};

int data195[] = {57,32,-65,12,19,61,31,38,-30,0,7,0,0,0,0,0,0,0,0,0,-5,0,-4,9,4,-3,16,-18,22,11,-9,6,-7,17,-13,-14,15,-8,-2,-16,1,-9,-1,6,0,5,-10,15,-2,-13,3,-7,2,-6,17,1,10};

int data196[] = {57,32,-64,12,18,-83,32,38,-94,0,7,0,0,0,0,0,0,0,0,0,0,-10,-3,-3,-2,3,-20,6,7,-2,3,13,26,0,20,13,-10,-4,-9,-6,-38,13,13,-2,17,10,13,-12,5,-8,-2,3,3,2,-9,9,10};

int data197[] = {57,32,-63,12,19,109,32,39,66,0,7,0,0,0,0,0,0,0,0,0,-6,1,-2,-12,-5,1,-10,2,5,-10,19,4,12,-2,-3,14,-9,9,10,-12,-5,2,18,-16,-9,-12,-5,5,10,25,5,9,-6,-29,7,-6,10};

int data198[] = {57,32,-62,12,19,29,32,38,114,0,7,0,0,0,0,0,0,0,0,0,-7,-5,-2,3,-13,-1,10,7,21,7,11,-13,-3,-15,-3,5,-1,0,4,-5,15,-6,-15,14,-25,-7,-17,6,14,-1,-4,3,15,12,-11,-2,10};

int data199[] = {57,32,-61,12,19,93,33,39,114,0,7,0,0,0,0,0,0,0,0,0,5,3,-8,-11,4,-9,-10,12,-2,19,4,7,10,-15,3,6,-3,1,-6,3,-14,-7,-15,11,18,5,6,-12,9,-3,-29,8,-14,10,-1,2,10};

int data200[] = {57,32,-60,12,19,77,39,39,66,0,7,0,0,0,0,0,0,0,0,0,5,-4,0,-7,-9,-1,-3,-8,-4,23,2,-2,-1,3,-1,-23,2,6,13,-2,9,8,0,4,-9,-6,-4,8,10,-2,-3,10,6,-2,-4,-2,10};

int data201[] = {57,32,-59,12,19,45,40,38,-30,0,7,0,0,0,0,0,0,0,0,0,2,0,-1,5,-15,-17,14,8,-7,4,14,10,-14,-13,15,-9,1,13,6,0,-22,1,-7,-6,2,6,0,-6,-19,6,2,-9,-2,6,23,3,10};

int data202[] = {57,32,-58,12,18,-51,40,39,18,0,7,0,0,0,0,0,0,0,0,0,-3,-1,6,13,-12,12,-6,-9,10,-26,11,-10,16,-14,-1,1,-7,4,-27,28,-9,9,4,-4,28,-18,3,16,-16,-8,-7,19,-9,-15,3,6,10};

int data203[] = {57,32,-57,12,19,-115,32,39,-78,0,7,0,0,0,0,0,0,0,0,0,1,-10,16,-10,3,-14,8,3,-4,-14,-1,22,-5,6,14,16,7,-5,5,10,-17,-14,-6,-4,-7,-4,-2,22,-2,-2,8,9,-7,-17,-11,4,10};

int data204[] = {57,32,-56,12,19,13,39,39,-110,0,7,0,0,0,0,0,0,0,0,0,-2,-3,13,7,3,5,-11,-2,-1,-12,-21,-15,-4,11,2,9,5,23,3,1,-5,23,7,-16,2,10,12,-19,16,-2,12,2,-5,-10,-20,0,10};

int data205[] = {57,33,-55,12,18,-3,38,39,-30,0,7,0,0,0,0,0,0,0,0,0,-17,2,-7,13,10,3,10,-6,7,4,-20,0,2,13,-6,-13,9,-3,-9,4,8,0,0,-3,-8,2,-6,13,-10,-13,11,-12,6,-13,9,15,10};

int data206[] = {57,33,-54,12,18,-35,37,39,-110,0,7,0,0,0,0,0,0,0,0,0,-4,6,8,1,5,-8,-4,-3,-10,7,4,6,18,1,-2,-3,-9,1,-14,3,7,-10,6,-14,1,-9,15,3,2,6,-11,4,2,17,12,5,10};

int data207[] = {57,33,-53,12,19,45,39,39,-126,0,7,0,0,0,0,0,0,0,0,0,7,-5,-8,5,-2,-16,6,-9,-6,-8,-6,6,-13,6,5,-14,4,-12,6,7,0,9,-7,11,19,11,-1,-4,13,-9,-8,-23,9,-12,-7,6,10};

int data208[] = {57,33,-52,12,19,29,35,39,-78,0,7,0,0,0,0,0,0,0,0,0,1,7,2,20,4,-13,12,1,-9,0,14,19,-18,-20,0,-3,-18,-4,3,12,-8,-12,13,8,14,-14,13,5,9,-7,4,15,3,-6,-6,-5,10};

int data209[] = {57,33,-51,12,18,-35,34,39,-14,0,7,0,0,0,0,0,0,0,0,0,-18,-8,-9,10,-13,-14,12,-1,-3,-9,-6,2,-2,-1,11,14,10,17,-14,12,19,-26,-8,2,14,-10,-22,28,0,-1,-7,-3,-1,-17,1,-9,10};

int data210[] = {57,33,-50,12,18,-83,33,39,-62,0,7,0,0,0,0,0,0,0,0,0,11,-6,15,2,17,3,-10,-1,-11,1,-5,7,6,4,1,4,0,-13,6,16,-7,-15,-10,-4,-9,-7,3,8,-5,-3,-7,10,11,-3,7,-10,10};

int data211[] = {57,33,-49,12,18,-19,29,39,-30,0,7,0,0,0,0,0,0,0,0,0,19,0,-7,22,-7,13,-13,-5,8,-21,1,-13,-8,5,12,22,0,13,29,-20,-10,-10,-6,-15,-19,-6,16,-21,9,3,6,6,-7,17,-9,-21,10};

int data212[] = {57,33,-48,12,18,-35,36,39,-30,0,7,0,0,0,0,0,0,0,0,0,-9,14,-4,-5,-9,-3,27,-3,-3,0,10,15,-1,10,1,-21,-1,-10,1,-11,2,11,-1,16,-1,-10,-4,4,-8,-7,-5,6,4,-13,14,-8,10};

int data213[] = {57,33,-47,12,19,77,32,39,-46,0,7,0,0,0,0,0,0,0,0,0,-1,9,9,7,-13,13,0,-5,-25,-1,-3,-4,0,-6,8,-4,11,11,-14,0,10,7,2,5,0,13,-15,2,7,-1,27,-6,1,3,-21,-10,10};

int data214[] = {57,33,-46,12,18,-35,41,40,2,0,7,0,0,0,0,0,0,0,0,0,-20,9,2,-13,6,-9,9,3,-2,17,0,14,-17,4,10,-11,-4,-12,10,-12,-4,-2,7,4,4,4,-2,20,2,-1,3,2,7,-10,3,5,10};

int data215[] = {57,33,-45,12,19,45,37,38,-94,0,7,0,0,0,0,0,0,0,0,0,-7,-8,-11,-4,6,-19,-9,23,5,6,11,15,15,-21,2,-3,-18,2,-14,-13,0,8,11,-8,22,20,-2,3,-10,0,-17,-8,13,-18,6,5,10};

int data216[] = {57,33,-44,12,19,93,32,39,-126,0,7,0,0,0,0,0,0,0,0,0,-7,10,-5,-1,-6,-11,10,-8,-2,2,19,-3,-3,-4,13,14,-20,8,9,4,1,0,2,-8,7,15,1,-4,19,-7,-6,-14,11,-9,-24,-2,10};

int data217[] = {57,33,-43,12,19,-115,32,39,66,0,7,0,0,0,0,0,0,0,0,0,-3,14,3,12,13,8,-9,-10,-12,-19,-5,-1,20,-1,14,10,10,2,-11,1,-15,15,0,-5,-6,-24,1,4,-17,4,1,0,-13,-5,17,-3,10};

int data218[] = {57,33,-42,12,18,-3,33,39,82,0,7,0,0,0,0,0,0,0,0,0,16,10,14,1,13,3,-19,1,12,-23,-16,-11,12,-2,-3,10,3,-5,-12,-16,-11,10,13,11,11,23,32,-3,-3,-7,-11,-11,-19,-6,-4,-1,10};

int data219[] = {57,33,-41,12,19,-68,-17,36,50,0,7,0,0,0,0,0,0,0,0,0,8,3,11,-4,7,-5,-12,-8,0,8,0,-2,10,13,-1,-5,-8,-13,7,-30,8,2,11,7,-12,18,-13,6,-5,-1,0,-12,-2,-1,-1,3,10};

int data220[] = {57,33,-40,12,28,-84,-40,43,114,0,7,0,0,0,0,0,0,0,0,0,-3,2,26,7,13,-6,-3,-5,-10,-13,1,1,-6,-1,5,9,12,-4,11,1,1,4,-4,5,-8,-11,13,-20,8,1,-2,-11,-13,8,-3,-9,10};

int data221[] = {57,33,-39,12,14,-67,1,32,-46,0,7,0,0,0,0,0,0,0,0,0,-3,7,-5,0,-4,1,-1,-7,-6,22,-9,-2,10,16,33,17,4,6,-10,-5,-3,-37,-1,-16,-1,8,-22,22,-13,24,-9,-12,8,-22,12,-1,10};

int data222[] = {57,33,-38,12,10,28,-19,36,-30,0,7,0,0,0,0,0,0,0,0,0,26,-4,12,8,-18,-19,-12,13,-5,-15,7,7,-10,3,-12,16,7,2,10,-2,2,-13,-5,8,25,-15,23,2,-1,0,-17,14,-30,2,-7,-23,10};

int data223[] = {57,33,-37,12,3,76,-11,39,-62,0,7,0,0,0,0,0,0,0,0,0,-12,-23,-6,8,16,1,-8,22,5,9,4,23,14,-24,-5,-17,-10,-18,-15,15,7,7,20,7,21,-11,5,13,-17,20,-5,1,0,-1,1,-24,10};

int data224[] = {57,33,-36,12,-1,-84,-1,41,-30,0,7,0,0,0,0,0,0,0,0,0,-6,8,3,-9,-3,4,-13,15,2,7,17,-3,11,4,6,-8,-22,3,-1,-16,-12,18,9,-4,-16,6,19,-20,17,-6,14,7,-8,7,-3,0,10};

int data225[] = {57,33,-35,12,-1,45,1,41,2,0,7,0,0,0,0,0,0,0,0,0,-8,-11,12,3,-7,4,6,-9,0,-1,-6,-3,-13,1,12,11,16,3,19,5,-22,-13,-7,-6,-7,12,8,0,5,10,18,-5,2,-6,-20,-16,10};

int data226[] = {57,33,-34,12,-1,-68,-27,41,82,0,7,0,0,0,0,0,0,0,0,0,-8,1,-7,-11,21,12,-18,11,-9,17,-8,15,6,6,1,-10,-8,-11,8,-8,-5,1,13,-4,10,-2,13,-7,-9,19,7,7,-5,0,-1,-22,10};

int data227[] = {57,34,-33,12,1,12,-10,38,2,0,7,0,0,0,0,0,0,0,0,0,-8,-7,-23,-1,5,-2,5,3,15,-1,0,13,15,-7,8,-13,-17,0,-19,11,14,14,8,-7,31,-13,-1,1,0,1,-13,8,-1,-10,3,8,10};

int data228[] = {57,34,-32,12,1,92,-7,41,82,0,7,0,0,0,0,0,0,0,0,0,-8,18,-22,-2,5,8,-7,-25,18,4,-7,-10,17,-8,-16,-6,-3,7,-12,11,-9,10,10,-17,26,-13,14,-2,11,-6,8,4,0,-18,-9,4,10};

int data229[] = {57,34,-31,12,0,-99,5,41,-78,0,7,0,0,0,0,0,0,0,0,0,-19,-4,9,5,4,-4,-5,-3,-2,11,15,6,0,6,6,-5,1,-13,5,2,-14,0,-20,15,-14,4,1,0,0,-16,12,-7,-4,2,-4,18,10};

int data230[] = {57,34,-30,12,0,93,8,43,50,0,7,0,0,0,0,0,0,0,0,0,4,-9,-5,2,2,-3,5,-2,2,-9,10,4,-11,13,2,3,2,-7,-2,-1,-10,1,-14,-7,7,-8,11,10,-21,14,-5,11,19,-15,18,-13,10};

int data231[] = {57,34,-29,12,-3,-51,2,37,114,0,7,0,0,0,0,0,0,0,0,0,-12,1,-11,3,11,-6,21,-8,-9,-12,-3,-6,-15,-7,13,9,5,11,0,-5,-15,-5,-6,-8,12,-5,9,-1,-16,-2,4,10,13,-8,19,-7,10};

int data232[] = {57,34,-28,12,-9,61,30,40,-126,0,7,0,0,0,0,0,0,0,0,0,-8,-5,-5,4,-3,4,14,15,7,0,2,-4,2,3,3,-4,-8,0,-2,-5,-15,7,-11,6,-2,5,15,-1,2,-10,21,-1,8,7,-2,11,10};

int data233[] = {57,34,-27,12,-10,77,20,40,-62,0,7,0,0,0,0,0,0,0,0,0,-21,10,-11,-10,1,-5,10,-18,-3,-3,-1,-7,-9,10,13,16,-5,-9,13,13,-7,-4,-1,12,-25,-15,-5,-2,-12,3,4,10,12,-8,27,17,10};

int data234[] = {57,34,-26,12,-12,-83,49,38,-78,0,7,0,0,0,0,0,0,0,0,0,12,3,-18,16,-14,-29,-8,5,6,-6,0,16,21,-10,0,-6,-8,-6,4,13,-8,-10,0,9,-10,-4,5,-10,2,-10,6,3,17,3,0,-11,10};

int data235[] = {57,34,-25,12,-15,-67,66,39,-14,0,7,0,0,0,0,0,0,0,0,0,1,0,0,8,-6,16,-3,10,-6,-14,9,9,-2,-11,-3,8,-2,-31,-6,-4,13,10,-2,13,-6,16,-8,-10,-2,8,4,4,-4,-12,2,-1,10};

int data236[] = {57,34,-24,12,-15,45,58,42,34,0,7,0,0,0,0,0,0,0,0,0,2,-20,4,13,12,1,-3,2,-9,4,-9,11,5,11,2,-11,8,-2,3,-7,-2,16,-4,-5,4,25,-2,-4,-12,-5,-16,-19,8,-2,2,9,10};

int data237[] = {57,34,-23,12,-15,77,60,43,2,0,7,0,0,0,0,0,0,0,0,0,13,15,7,2,4,-13,1,0,-1,-8,4,25,-16,-4,2,7,-8,-28,5,-1,-12,13,2,8,2,-9,7,2,-10,3,5,9,8,-10,18,-1,10};

int data238[] = {57,34,-22,12,-13,109,35,42,-30,0,7,0,0,0,0,0,0,0,0,0,-6,2,-3,-9,4,1,-7,-13,3,-1,-10,10,21,-11,-16,11,15,-8,10,15,5,-2,-1,6,-11,-11,-1,10,7,7,-3,2,-3,-17,-17,8,10};

int data239[] = {57,34,-21,12,-13,-83,35,42,-62,0,7,0,0,0,0,0,0,0,0,0,-2,-15,-21,-2,9,-7,-4,2,20,2,10,13,8,-3,-5,-21,18,0,7,1,-3,16,-18,1,6,1,-6,-4,-3,-5,-27,-12,-4,1,12,-1,10};

int data240[] = {57,34,-20,12,-13,77,30,41,-126,0,7,0,0,0,0,0,0,0,0,0,27,10,13,-2,-24,-7,-2,-5,-6,-2,11,16,22,4,6,8,-15,-26,-22,-4,-2,-8,10,6,17,9,8,-6,3,-1,-5,-6,0,-1,14,-6,10};

int data241[] = {57,34,-19,12,-14,93,34,41,-62,0,7,0,0,0,0,0,0,0,0,0,1,-19,3,-9,1,-6,2,7,3,9,-10,11,3,17,-13,-11,3,-6,-24,-25,10,-2,-2,0,7,7,-20,1,-2,19,-1,13,22,-6,-7,-1,10};

int data242[] = {57,34,-18,12,-15,-19,42,42,-94,0,7,0,0,0,0,0,0,0,0,0,5,-21,-15,22,14,-3,-4,10,-5,-8,-8,12,7,-2,17,-5,9,-9,-14,5,1,10,2,-6,8,-9,-1,2,-6,-1,20,-3,-19,-1,26,-11,10};

int data243[] = {57,34,-17,12,-14,-115,23,45,114,0,7,0,0,0,0,0,0,0,0,0,-14,3,13,-23,-32,7,2,5,7,18,10,-2,-10,0,-2,-5,-29,-13,-4,5,10,10,23,12,-8,12,-9,-5,-5,4,16,9,17,10,5,-4,10};

int data244[] = {57,34,-16,12,-17,45,20,48,-110,0,7,0,0,0,0,0,0,0,0,0,-4,-15,-8,7,-14,4,-10,6,-11,-4,14,-1,10,16,8,-21,-15,10,-1,-4,-8,19,-2,-4,-7,-13,7,-20,3,9,22,2,-5,23,18,-8,10};

int data245[] = {57,34,-15,12,-20,77,28,48,34,0,7,0,0,0,0,0,0,0,0,0,-1,5,-17,-19,1,13,-8,-10,15,6,6,-17,-2,4,-18,18,-22,14,-6,4,-9,-16,12,-2,3,7,19,18,-9,-1,2,17,-14,-7,19,1,10};

int data246[] = {57,34,-14,12,-22,-67,76,37,98,0,7,0,0,0,0,0,0,0,0,0,-16,2,6,-6,-10,-7,3,-7,7,10,-17,14,-9,-16,-2,-3,1,-16,4,15,0,5,10,8,-13,-13,14,7,-8,-8,8,11,2,11,5,-2,10};

int data247[] = {57,34,-13,12,-13,-100,-25,29,-62,0,7,0,0,0,0,0,0,0,0,0,-3,4,-10,-2,-3,3,-15,-3,9,-6,-19,15,10,-1,5,-7,16,-28,1,12,-6,4,-9,2,8,-7,0,9,12,12,-3,9,-18,14,-5,-3,10};

int data248[] = {57,35,-12,12,-18,125,4,10,114,0,7,0,0,0,0,0,0,0,0,0,-10,-15,-4,-26,3,-9,12,-23,0,-2,1,-2,-15,19,4,11,-2,7,11,0,1,-15,12,2,-2,-7,2,26,-12,4,1,2,-16,-12,11,6,10};

int data249[] = {57,35,-11,12,-8,93,126,22,66,0,7,0,0,0,0,0,0,0,0,0,12,-2,14,12,-2,7,-13,-11,9,-23,3,-17,-1,21,0,2,9,-1,11,-32,-5,-1,-9,-3,-11,8,-4,19,-2,-13,10,-8,11,-10,21,9,10};

int data250[] = {57,35,-10,12,10,-116,72,57,82,0,7,0,0,0,0,0,0,0,0,0,-4,-5,-12,-8,-13,1,-6,-10,17,-2,2,-8,-3,10,-9,12,14,14,13,-10,7,-5,-2,0,5,3,-4,9,0,0,-13,-5,5,-9,-10,1,10};

int data251[] = {57,35,-9,12,-12,109,112,46,-30,0,7,0,0,0,0,0,0,0,0,0,3,-4,-7,10,-13,6,-3,17,-7,2,1,-13,-1,-8,-3,-12,26,5,-4,-10,10,5,-2,23,12,11,-9,-5,-6,-14,6,-6,0,3,-6,-7,10};

int data252[] = {57,35,-8,12,3,-20,-19,46,-78,0,7,0,0,0,0,0,0,0,0,0,-6,10,-1,27,-2,12,9,-11,7,-34,2,7,-10,26,-3,4,-8,-16,-1,-21,-3,6,-6,4,-4,13,13,-10,2,3,7,1,-27,-15,6,-23,10};

int data253[] = {57,35,-7,12,3,44,-10,42,-30,0,7,0,0,0,0,0,0,0,0,0,10,-10,13,0,5,20,-6,11,-10,-16,5,-4,-7,-6,4,21,-6,15,0,5,9,0,8,-7,-3,8,-8,5,1,-4,23,3,-1,11,-16,-2,10};

int data254[] = {57,35,-6,12,2,124,-8,43,2,0,7,0,0,0,0,0,0,0,0,0,-14,-9,13,-19,8,-14,18,10,5,16,-6,9,-6,-2,18,-24,-10,0,7,-24,-27,-16,3,-12,6,17,7,0,12,-6,-1,2,11,7,2,1,10};

